id;start;jhi_end;bpms_approve_status
f04231d4-ab22-46f3-b238-ba5154b5cca8;2024-06-09T20:23:05;2024-06-09T18:23:55;11153
69ef68db-d0a3-425d-bcd8-b4e922061c04;2024-06-10T14:46:02;2024-06-10T01:56:30;31230
3779f4f1-f310-4d83-ba6c-d2cbe08ca8fb;2024-06-10T08:38:09;2024-06-09T21:59:24;11056
b7589bc2-a2b0-44f6-8c5a-3992cee69529;2024-06-10T03:28:31;2024-06-10T08:21:50;22872
4584eff0-aeb7-4da0-bb3f-0123ca5d3371;2024-06-10T10:19:33;2024-06-10T00:09:02;9440
990d922c-8a6c-4270-b41a-ad1703b4fceb;2024-06-10T12:34:27;2024-06-10T13:05:16;19934
3b05c1ec-8ac9-4787-b853-69ee87218742;2024-06-09T18:22:52;2024-06-09T21:11:25;13417
352bbf0a-9e81-49dc-a02f-aa544f042403;2024-06-09T18:54:09;2024-06-09T22:07:52;10717
c1a123f0-7b16-483a-8041-2dcb8994d259;2024-06-10T02:14:42;2024-06-10T12:01:01;7772
fa70e77a-fea6-4507-a0ce-6374a0a0a0b0;2024-06-10T07:33:21;2024-06-10T04:05:39;12114
